date,steps,heart_rate_avg,heart_rate_resting,sleep_hours,sleep_quality,hrv,spo2,calories_burned,active_minutes
2026-04-28,8432,72,58,7.2,good,45,98,2100,42
2026-04-29,11205,68,57,8.1,excellent,52,99,2380,65
2026-04-30,6891,75,59,6.5,fair,38,97,1950,31
2026-05-01,9320,71,58,7.8,good,48,98,2210,55
2026-05-02,12450,69,56,8.3,excellent,55,99,2490,72
2026-05-03,5100,78,61,5.9,poor,31,97,1820,18
2026-05-04,7780,73,59,7.4,good,44,98,2080,48
2026-05-05,10230,70,57,7.9,good,50,99,2290,61
2026-05-06,9015,72,58,7.6,good,47,98,2160,54
